i,birth,death,dim,nodes
0,-8000,2100,0,Biliteracy
1,-8000,-7999,0,Literacy
2,-6600,-1650,0,Music
3,-2600,1960,0,Esalen Institute
4,-2200,1800,0,Program evaluation
5,-900,1777,0,Corporal punishment
6,-700,1960,0,Optics
7,-385,-384,0,Academy
8,100,500,0,Boarding school
9,108,1502,0,The Dalton School
10,127,1991,0,Board of education
11,130,1765,0,Gifted education
12,130,400,0,Distance education
13,150,1800,0,Nurture
14,165,597,0,Normal school
15,326,1953,0,Encaenia
16,401,1961,0,Community High School (Ann Arbor, Michigan)
17,511,1501,0,Cliffsnotes
18,605,1800,0,Imperial examination
19,650,1792,0,United States Academic Decathlon
20,1088,1300,0,Studium Generale
21,1200,2100,0,Globalization
22,1200,1801,0,Mnemonic
23,1248,2100,0,Forensics
24,1347,1348,0,Occam's razor
25,1347,1777,0,Occam's Razor
26,1450,1954,0,Textbook
27,1458,1502,0,Demyship
28,1500,1800,0,Language education
29,1509,1601,0,Obscurantism
30,1600,1920,0,Democratic school
31,1600,1930,0,Meta-analysis
32,1600,1601,0,Reasoning
33,1700,1935,0,Attention-deficit hyperactivity disorder
34,1734,1952,0,Doctor of Canon Law
35,1776,1800,0,Honor code
36,1777,1778,0,Character education
37,1786,1974,0,Repressed memory
38,1798,1870,0,Adult high school
39,1800,1935,0,Decay theory
40,1800,1942,0,Peer pressure
41,1800,2012,0,Public lecture
42,1800,1960,0,Sex education
43,1800,1801,0,Connectionism
44,1862,2020,0,Nobel Conference
45,1880,1892,0,Forgetting curve
46,1883,2020,0,University of Auckland Society
47,1885,1886,0,Recollection
48,1892,1957,0,Interference theory
49,1893,1972,0,Childhood amnesia
50,1898,1938,0,Psychology of learning
51,1898,1964,0,School discipline
52,1900,2008,0,Kohlberg's stages of moral development
53,1915,1987,0,American Educational Research Association
54,1920,1960,0,Mastery learning
55,1926,1946,0,Method of focal objects
56,1940,1951,0,Kinesthetic learning
57,1945,1948,0,Peace education
58,1949,1960,0,Taxonomy of Educational Objectives
59,1953,1954,0,Simulated annealing
60,1959,1960,0,Machine learning
61,1960,1967,0,Logovisual thinking (LVT)
62,1960,2100,0,Availability heuristic
63,1960,2015,0,Webinar
64,1969,1970,0,Four stages of competence
65,1970,2020,0,Laws of Technical Systems Evolution
66,1970,1976,0,Mind map
67,1971,2100,0,Dual-coding theory
68,1990,2020,0,Level of Invention
69,1990,1991,0,Prospective memory
70,2020,2100,0,Distar
71,2020,2100,0,Bilingual education
72,2020,2100,0,Qualitative psychological research
73,-330,400,1,Education;Teaching
74,-330,400,1,Education;Math education
75,-330,2100,1,Literacy;Teaching
76,-329,2100,1,Scholarly method;Teaching
77,-329,2100,1,Teaching;Postdoctoral researcher
78,130,2100,1,Online education;Open educational resources
79,301,2100,1,Functional illiteracy;Reading (activity)
80,500,2100,1,Biliteracy;Classics
81,597,2100,1,Secondary education;Academy
82,597,1950,1,Secondary education;Teaching
83,597,2100,1,Secondary education;Education of girls and women
84,1301,2100,1,Medieval university (Asia);Academy
85,1348,2100,1,Occam's razor;Grounded theory (Strauss)
86,1428,2100,1,Compulsory education;Biliteracy
87,1502,2100,1,Student;Scholarship
88,1502,2100,1,Student;Parallel education
89,1502,2100,1,Student;Teacher in role
90,1502,2100,1,Student;Teaching in-Role
91,1502,2100,1,Private school;Tuition
92,1502,2100,1,Private school;Public school (UK)
93,1502,2100,1,Scholarship;Tuition
94,1503,2100,1,Fellow;Scholarship
95,1570,2100,1,Phonics;Reading (activity)
96,1602,2100,1,Wisdom;Academy
97,1603,2100,1,Distance education;Teletraining
98,1700,2100,1,K-12;Kindergarten
99,1701,2100,1,Teaching method;Creativity
100,1727,2100,1,Bachelor of Education;Normal school
101,1772,2100,1,Education;Single-sex education
102,1772,2100,1,Private school;Single-sex education
103,1776,2100,1,Pedagogy;Pedology (children study)
104,1776,2100,1,Pedagogy;Normal school
105,1777,2100,1,Pedagogy;Punishment
106,1777,2100,1,Pedagogy;Maieutics
107,1778,2100,1,Punishment;Religious education
108,1778,2100,1,Religious education;Teaching
109,1778,2100,1,Religious education;Education of girls and women
110,1779,2100,1,Waldorf education;Preschool education
111,1779,2100,1,Literacy;Preschool education
112,1784,2100,1,Kindergarten;Free school meals
113,1792,2100,1,Ivy League;Grade (education)
114,1800,2100,1,Student;Social promotion
115,1800,2100,1,Active learning;Computer-based training
116,1800,2011,1,Active learning;Educational progressivism
117,1800,2100,1,Behaviorism;Autism
118,1800,1992,1,Agricultural education;Private school
119,1800,2100,1,Computer-based training;Distance education
120,1800,2100,1,Computer-based training;Educational assessment
121,1800,2100,1,Waldorf education;Standardized testing
122,1800,2100,1,Special education;Social promotion
123,1800,2100,1,Norm-referenced test;Standardized testing
124,1800,2100,1,Book flood;Reading education
125,1801,2100,1,Language education;Second language acquisition
126,1811,1954,1,Pro-vice-chancellor;Provost (education)
127,1830,2100,1,Disability;Standardized testing
128,1834,2100,1,Tuition;Mature student
129,1852,2100,1,Private school;Legality of homeschooling in the United States
130,1852,2100,1,Diploma;Legality of homeschooling in the United States
131,1860,2100,1,Academic degree;Bachelor of Science
132,1867,2100,1,United States Department of Education;Math education
133,1868,2100,1,Apprenticeship;Art education
134,1868,2100,1,Art education;Philosophy of education
135,1869,2100,1,United States Department of Education;Education voucher
136,1869,2100,1,Kindergarten;Education voucher
137,1870,2100,1,Continuing education;Asynchronous learning
138,1880,2100,1,Private school;Teachers College
139,1880,2100,1,Pedagogy;Teachers College
140,1880,2100,1,Ivy League;Teachers College
141,1880,2100,1,Reading (activity);Teachers College
142,1881,2100,1,Dyslexia;Reading education
143,1881,2100,1,Dyslexia;Subvocalization
144,1886,2100,1,Rote learning;Math education
145,1886,2100,1,Rote learning;The Dalton School
146,1892,1974,1,Forgetting curve;Retroactive interference
147,1896,2100,1,Private school;Dsamun
148,1900,2100,1,Educational psychology;Operant conditioning
149,1900,2100,1,United States Department of Education;Infant Education
150,1900,2100,1,Kindergarten;Infant Education
151,1900,2100,1,Early childhood education;Preschool education
152,1900,2100,1,Dalton Plan;The Dalton School
153,1901,2100,1,Primary education;Reading (activity)
154,1901,2100,1,Primary education;Infant Education
155,1901,2100,1,Operant conditioning;Trial and error
156,1901,2100,1,Law of effect;Trial and error
157,1901,2100,1,Early childhood education;Froebel Gifts
158,1902,1991,1,Private school;Independent school
159,1902,2100,1,Project-based learning;Creativity
160,1907,2100,1,Legality of homeschooling in the United States;Outdoor education
161,1907,2100,1,Outdoor education;Ropes course
162,1912,2100,1,United States Department of Education;Social studies
163,1920,2100,1,Summerhill School;Boarding school
164,1920,2100,1,Summerhill School;Teaching
165,1922,2100,1,Education;Edutainment
166,1922,2100,1,Edutainment;Disability
167,1935,2100,1,Working memory;General intelligence factor
168,1935,2100,1,Working memory;Reading Comprehension
169,1935,1957,1,Working memory;Retroactive interference
170,1940,1991,1,Free education;Comprehensive school
171,1940,2100,1,Nurture;Socialization
172,1950,1954,1,Higher education;Provost (education)
173,1950,2100,1,Training;Human Performance Technology
174,1950,2100,1,Educational technology;Human Performance Technology
175,1950,2100,1,Instructional design;Human Performance Technology
176,1950,2100,1,Cognitive load;Subvocalization
177,1951,2100,1,Student;Academic Assembly
178,1951,2100,1,Academic Assembly;Compulsory education
179,1951,2100,1,Academic Assembly;Student activism
180,1951,2100,1,Ivy League;College and university rankings
181,1951,2100,1,Campus university;Comprehensive school
182,1951,2100,1,Education voucher;Student loan
183,1951,2100,1,Jewish quota;Numerus clausus
184,1952,2100,1,Tertiary education;Prison education
185,1952,2100,1,Graduate school;Grade (education)
186,1952,2100,1,Graduate school;Scholarship
187,1952,2100,1,Graduate school;Teachers College
188,1952,1953,1,Education;Further education
189,1952,2100,1,Advanced Placement Program;Homeschooling
190,1952,2100,1,Advanced Placement Program;Standardized testing
191,1953,2100,1,Education;List of colleges and universities by country
192,1953,2100,1,College;Early college entrance program
193,1953,2100,1,High school;Adult high school
194,1953,2100,1,High school;Advanced Placement Program
195,1953,2100,1,High school;Coeducation
196,1953,2100,1,High school;Early college entrance program
197,1953,2100,1,Apprenticeship;Stipend
198,1953,2100,1,Postdoctoral researcher;Stipend
199,1954,2100,1,University;Educational reform in occupied Japan
200,1954,2100,1,College rivalry;College
201,1954,2100,1,College;Honorary title (academic)
202,1954,2100,1,Student;Extracurricular Activity
203,1954,2100,1,High school;International science olympiad
204,1954,2100,1,Academic rank;Fellow
205,1954,2100,1,Fellow;Honorary title (academic)
206,1954,2100,1,Curriculum;Extracurricular Activity
207,1954,2100,1,Operant conditioning;Trial-and-error method
208,1954,2100,1,Distance education;Telesecundaria
209,1954,2100,1,Law of effect;Trial-and-error method
210,1954,2100,1,Educational reform in occupied Japan;Rote learning
211,1954,2100,1,Extracurricular Activity;United States Academic Decathlon
212,1954,2100,1,Higher National Diploma;Higher Diploma
213,1955,1991,1,Private school;School choice
214,1955,2100,1,United States Department of Education;Alumnus/a
215,1955,2100,1,Specialist degree;School psychologist
216,1957,2100,1,Short-term memory;The Magical Number Seven, Plus or Minus Two
217,1957,2100,1,Short-term memory;Recollection
218,1959,2100,1,Semantic memory;Recollection
219,1960,2100,1,List of academic disciplines;Faculty (division)
220,1960,2100,1,List of academic disciplines;Distance education
221,1960,2100,1,Computer-based training;Problem-based learning
222,1960,2100,1,Meta-analysis;Blended learning
223,1960,2100,1,Blended learning;Individualized instruction
224,1960,2100,1,Networked learning;Situated learning
225,1960,2100,1,Problem-based learning;Reasoning
226,1960,2100,1,Factor analysis;General intelligence factor
227,1961,2100,1,Alternative education;Esalen Institute
228,1961,2100,1,Alternative education;Popular education
229,1962,2100,1,Gifted education;Alternative school
230,1963,2100,1,Alternative school;Expulsion (academia)
231,1963,2100,1,Expulsion (academia);Honor code
232,1964,2100,1,Early childhood education;Head Start Program
233,1964,2100,1,Expulsion (academia);Pushout
234,1964,2100,1,Head Start Program;Infant Education
235,1965,2100,1,Applied Behavior Analysis;Punishment
236,1965,2100,1,Applied Behavior Analysis;Autism
237,1965,2100,1,Applied Behavior Analysis;Meta-analysis
238,1967,2100,1,Lateral thinking;Creativity
239,1967,2100,1,Lateral thinking;Reasoning
240,1968,2100,1,Lateral thinking;Creative problem solving
241,1968,1971,1,Democratic school;Sudbury school
242,1968,2100,1,Democratic school;Sudbury Valley School
243,1968,2100,1,Sudbury school;Grade (education)
244,1968,2100,1,Teaching;Sudbury Valley School
245,1970,2100,1,Language education;Affective filter
246,1970,2100,1,Affective filter;Educational psychology
247,1970,2100,1,Educational psychology;Computer Supported Cooperative Learning
248,1970,2100,1,Second language acquisition;Computer Supported Cooperative Learning
249,1970,2100,1,Pedagogy;Reggio Emilia approach
250,1970,2100,1,School accreditation;Carnegie Classification of Institutions of Higher Education
251,1970,2011,1,Problem-based learning;Computer Supported Cooperative Learning
252,1970,2100,1,Project-based learning;Computer Supported Cooperative Learning
253,1970,2100,1,Computer Supported Cooperative Learning;Cooperative learning
254,1970,2100,1,Computer Supported Cooperative Learning;Humanistic education
255,1970,2100,1,Computer Supported Cooperative Learning;Dyslexia
256,1971,2100,1,Private school;Alternative high school
257,1971,2100,1,Alternative high school;Unschooling
258,1971,2100,1,Erhard Seminars Training;Landmark Education
259,1973,2100,1,Long-term memory;Flashcard
260,1973,2100,1,Interference theory;Peak-end rule
261,1974,1991,1,Working memory;Memory
262,1974,2100,1,Chunking (psychology);Memory
263,1974,2100,1,Memory;Subvocalization
264,1974,2100,1,Memory;Mnemonic
265,1975,2100,1,Learning;Machine learning
266,1975,2100,1,Learning;Innate behaviour
267,1975,2100,1,Learning;Kinesthetic learning
268,1975,2100,1,Learning;Outdoor education
269,1975,2100,1,Autism;Gifted
270,1975,2100,1,Teaching;Gifted
271,1975,2100,1,Memory;Gifted
272,1975,2100,1,Creativity;Gifted
273,1975,2100,1,Gifted;Reasoning
274,1975,2100,1,Sensory memory;Iconic memory
275,1976,2009,1,Student;Lesson
276,1976,2100,1,Learning;Evolutionary educational psychology
277,1976,2100,1,Instructional scaffolding;Taxonomy of Educational Objectives
278,1976,2100,1,Reinforcement;Observational learning
279,1976,2100,1,Bobo doll experiment;Observational learning
280,1976,2100,1,Lesson;Situated learning
281,1976,2100,1,Lesson;Textbook
282,1976,2100,1,Learning styles;Picture thinking
283,1976,2100,1,Dyslexia;Picture thinking
284,1976,2100,1,Concept map;Picture thinking
285,1976,2100,1,Creativity;Intelligence (trait)
286,1976,2100,1,Eidetic memory;Picture thinking
287,1976,2100,1,Kinesthetic learning;Picture thinking
288,1977,2100,1,Evolutionary educational psychology;List of publications in psychology
289,1977,2100,1,List of publications in psychology;Maslow's hierarchy of needs
290,1978,2100,1,High school;Breakthrough Collaborative
291,1978,2100,1,Memory consolidation;Fear conditioning
292,1980,2100,1,Curriculum;Technology Integration
293,1980,2100,1,Lesson;Learning by teaching
294,1980,2100,1,Virtual learning environment;Technology Integration
295,1980,2100,1,Project-based learning;Technology Integration
296,1980,2100,1,Educational progressivism;Learning by teaching
297,1980,2100,1,Learning by teaching;Jigsaw Classroom
298,1980,2100,1,Learning by teaching;Monitorial system
299,1980,2100,1,Learning by teaching;Writing Associate
300,1980,2100,1,Technology Integration;Webquest
301,1985,2100,1,Australasian Journal of Educational Technology;Instructional design
302,1985,2100,1,Instructional design;International Journal of Educational Technology
303,1988,2100,1,Bologna process;Thesis
304,1988,2100,1,Bologna process;Norm-referenced test
305,1989,2100,1,Undergraduate;Articulation (education)
306,1989,2100,1,Undergraduate;Coeducation
307,1989,2100,1,Undergraduate;Grade (education)
308,1989,2100,1,Undergraduate;Matriculation
309,1989,2100,1,Educational technology;Scorm
310,1990,1994,1,Undergraduate;Postgraduate Diploma
311,1990,2100,1,Graduate school;Latin honors
312,1990,2100,1,School;Vocational school
313,1990,1991,1,Apprenticeship;Dual education system
314,1990,1991,1,Dual education system;Vocational school
315,1991,1992,1,Public school (government funded);United States Department of Education
316,1991,1992,1,Public school (government funded);Religious education
317,1991,2100,1,Public school (government funded);Dual education system
318,1991,1992,1,Public school (government funded);Kindergarten
319,1992,2100,1,Dean (education);University-preparatory school
320,1992,2100,1,Public school (government funded);School principal
321,1992,2100,1,Boarding school;University-preparatory school
322,1992,2100,1,Boarding school;School principal
323,1992,2100,1,Vocational education;Scottish Vocational Qualification
324,1992,2100,1,Free school meals;School principal
325,1992,2100,1,School principal;School discipline
326,1993,2100,1,Educational progressivism;Lifelong learning
327,1993,2100,1,Lifelong learning;Infant Education
328,1994,2100,1,Student-centred learning;Asynchronous learning
329,1994,2100,1,Student-centred learning;Problem-based learning
330,1994,2100,1,Student-centred learning;Project-based learning
331,1994,2100,1,Carnegie Classification of Institutions of Higher Education;Research I university
332,1994,2100,1,Lifelong learning;Graduate Diploma
333,1999,2100,1,Adult learner;Non-traditional students
334,1999,2100,1,Flashcard;Incremental reading
335,2001,2100,1,Special education;Northfield School of Arts and Technology
336,2001,2100,1,Social studies;Northfield School of Arts and Technology
337,2003,2100,1,Curriculum;Personal and Social Education
338,2003,2100,1,Sex education;Personal and Social Education
339,2006,2100,1,Service learning;Youth voice
340,2006,2100,1,Youth development;Youth voice
341,2008,2100,1,Course (education);Grade (education)
342,2008,2100,1,Course (education);Northfield School of Arts and Technology
343,2008,2100,1,Physical education;Prison education
344,2008,2100,1,Working memory;Theory of cognitive development
345,2008,2100,1,College and university rankings;League Tables of British Universities
346,2008,2100,1,Theory of cognitive development;Creativity
347,2008,2100,1,Theory of cognitive development;Reasoning
348,2008,2100,1,Theory of cognitive development;Imitation
349,2009,2100,1,Dean (education);Academic department
350,2009,2100,1,Undergraduate;Academic department
351,2009,2100,1,Faculty (division);Academic regalia
352,2009,2100,1,Course (education);Course atlas
353,2009,2100,1,Academic regalia;Physical education
354,2009,2100,1,Academic regalia;Encaenia
355,2009,2100,1,Special education;General education requirements
356,2009,2100,1,Sudbury school;General education requirements
357,2009,2100,1,Unschooling;General education requirements
358,2009,2100,1,Educational assessment;Dynamic assessment
359,2009,2100,1,Lifelong learning;General education requirements
360,2009,2100,1,Edutainment;Metacognition
361,2009,2100,1,Metacognition;Recollection
362,2009,2100,1,Metacognition;Mnemonic
363,2009,2100,1,Metacognition;Logovisual thinking (LVT)
364,2010,2100,1,Music;Middle School
365,2010,2100,1,Academic department;Middle School
366,2010,2100,1,Academic regalia;Graduation
367,2010,2100,1,Comprehensive school;Middle School
368,2010,2100,1,Learning theory (education);Theory of multiple intelligences
369,2010,2100,1,Self-regulated learning;Metacognition
370,2010,2100,1,Self-regulated learning;Reading Comprehension
371,2011,2100,1,Education;Constructivism (learning theory)
372,2011,2100,1,High school;Class ring
373,2011,2100,1,Homeschooling;Washington Homeschool Organization
374,2011,2100,1,Instructional scaffolding;Constructivism (learning theory)
375,2011,2100,1,Machine learning;Constructivism (learning theory)
376,2011,2100,1,Cognitive apprenticeship;Constructivism (learning theory)
377,2011,2100,1,Constructivism (learning theory);Situated learning
378,2011,2100,1,Constructivism (learning theory);Social studies
379,2011,2100,1,Constructivism (learning theory);Out of school learning
380,2011,2100,1,Constructivism (learning theory);Technology Integration
381,2012,2100,1,Teaching method;Lecture
382,2012,2100,1,Problem-based learning;Lecture
383,2013,2100,1,Student;Notetaking
384,2013,2100,1,Brainstorming;Notetaking
385,2013,2100,1,Cognitive map;Notetaking
386,2013,2100,1,Forgetting curve;Notetaking
387,2013,2100,1,Notetaking;Mind map
388,2015,2100,1,List of fields of doctoral studies;Professional degree
389,2015,2100,1,List of fields of doctoral studies;Classics
390,2015,2100,1,No Child Left Behind Act;Educational progressivism
391,2015,2100,1,No Child Left Behind Act;Inclusive classroom
392,2015,2100,1,No Child Left Behind Act;Standardized testing
393,2015,2100,1,No Child Left Behind Act;Universal Design for Learning
394,2016,2100,1,High school;Yglp
395,2016,2100,1,Faculty (division);Quaternary education
396,2016,2100,1,Active learning;Direct instruction
397,2016,2100,1,Certificate of Higher Education;National Vocational Qualification
398,2016,2100,1,No Child Left Behind Act;K-5 (education)
399,2016,2100,1,Quaternary education;Postdoctoral researcher
400,2016,2100,1,Quaternary education;Research assistant
401,2020,2100,1,Academic conference;International Democratic Education Conference
402,2020,2100,1,Liberal arts;Ethics
403,2020,2100,1,Chancellor (education);Auckland University of Technology Alumni Association
404,2020,2100,1,Chancellor (education);Principal (university)
405,2020,2100,1,Lecturer;Quaternary education
406,2020,2100,1,Lecturer;Notetaking
407,2020,2100,1,Undergraduate;Community college
408,2020,2100,1,List of academic disciplines;Ethics
409,2020,2100,1,Seminar;Socratic method
410,2020,2100,1,Student voice;Democratic school
411,2020,2100,1,Student voice;Student-centred learning
412,2020,2100,1,Academic regalia;Vice-chancellor
413,2020,2100,1,Vice-chancellor;Principal (university)
414,2020,2100,1,Vice-chancellor;University of Auckland Society
415,2020,2100,1,Bullying;Expulsion (academia)
416,2020,2100,1,Adult education;Andragogy
417,2020,2100,1,Adult education;Agricultural education
418,2020,2100,1,Adult education;Constructivism (learning theory)
419,2020,2100,1,Adult education;Popular education
420,2020,2100,1,Problem solving;Cognitive load
421,2020,2100,1,Problem solving;Intelligence (trait)
422,2020,2100,1,Problem solving;Knowledge transfer
423,2020,2100,1,Problem solving;Math education
424,2020,2100,1,Problem solving;Problem finding
425,2020,2100,1,Problem solving;Trial and error
426,2020,2100,1,Problem solving;Trial-and-error method
427,2020,2100,1,Triz;Creative problem solving
428,2020,2100,1,Pedagogy;Socratic method
429,2020,2100,1,Instructional technology;Computer Supported Cooperative Learning
430,2020,2100,1,Instructional technology;Human Performance Technology
431,2020,2100,1,Instructional technology;Teachers College
432,2020,2100,1,Validity (statistics);Psychometrics
433,2020,2100,1,Articulation (education);Academic term
434,2020,2100,1,Attention-deficit hyperactivity disorder;Learning disability
435,2020,2100,1,Learning disability;Gifted
436,2020,2100,1,Learning disability;Response to intervention
437,2020,2100,1,Phonological awareness;Reading (activity)
438,2020,2100,1,Whole language;Constructivism (learning theory)
439,2020,2100,1,K-12;Community college
440,2020,2100,1,Career;Career development
441,2020,2100,1,Career;Mentoring
442,2020,2100,1,Self-regulated learning;Self-efficacy
443,2020,2100,1,Computer-adaptive test;Standardized testing
444,2020,2100,1,Motivation;Gifted
445,2020,2100,1,Motivation;Human Performance Technology
446,2020,2100,1,Motivation;Intelligence (trait)
447,2020,2100,1,Motivation;Maslow's hierarchy of needs
448,2020,2100,1,Theory of cognitive development;Psychometrics
449,2020,2100,1,Socratic method;Critical thinking
450,2020,2100,1,Socratic method;Educational perennialism
451,2020,2100,1,Socratic method;Inquiry education
452,2020,2100,1,Corporal punishment;Child
453,2020,2100,1,Child;General education requirements
454,2020,2100,1,Child;Infant Education
455,2020,2100,1,Child;Running record
456,2020,2100,1,Creative industries;Creative Services Firms
457,2020,2100,1,Psychometrics;Criterion-referenced test
458,2020,2100,1,Psychometrics;Factor analysis
459,2020,2100,1,Critical thinking;Educational progressivism
460,2020,2100,1,Critical thinking;Edutainment
461,2020,2100,1,Critical thinking;Reasoning
462,2020,2100,1,Critical thinking;Intelligence (trait)
463,2020,2100,1,Critical thinking;Maieutics
464,2020,2100,1,Critical thinking;Problem shaping
465,2020,2100,1,Critical thinking;Reading Comprehension
466,2020,2100,1,Critical thinking;Transformational learning
467,2020,2100,1,Critical thinking;Yglp
468,2020,2100,1,Declarative memory;Flashbulb memory
469,2020,2100,1,Experiential education;Outdoor education
470,2020,2100,1,Experiential education;Northfield School of Arts and Technology
471,2020,2100,1,Ethics;Theory of multiple intelligences
472,2020,2100,1,Ethics;Kohlberg's stages of moral development
473,2020,2100,1,Ethics;Teachers College
474,2020,2100,1,Ethics;Writing Center
475,2020,2100,1,Flashcard;Spaced repetition
476,2020,2100,1,Spaced repetition;Molecular mechanisms of memory
477,2020,2100,1,Force field analysis;Adolescence
478,2020,2100,1,Adolescence;Youth development
479,2020,2100,1,General intelligence factor;Self-efficacy
480,2020,2100,1,Self-efficacy;Self-concept
481,2020,2100,1,Self-efficacy;Learned helplessness
482,2020,2100,1,Self-efficacy;The Seven Habits of Highly Effective People
483,2020,2100,1,Self-efficacy;Youth development
484,2020,2100,1,Time management;Senior project
485,2020,2100,1,Time management;The Seven Habits of Highly Effective People
486,2020,2100,1,Self-concept;Goal Theory
487,2020,2100,1,Human memory process;Habituation
488,2020,2100,1,Understanding;Intelligence (trait)
489,2020,2100,1,Understanding;Preschool education
490,2020,2100,1,Understanding;Notetaking
491,2020,2100,1,Understanding;Reading Comprehension
492,2020,2100,1,Likert scale;Ipsative
493,2020,2100,1,Likert scale;Kohlberg's stages of moral development
494,2020,2100,1,Community of practice;Network of practice
495,1960,2100,2,Knowledge;List of academic disciplines;Teaching
496,1960,2100,2,Music;List of academic disciplines;Teaching
497,1989,2100,2,Professor;Undergraduate;Teaching
498,1989,2100,2,Undergraduate;Bachelor of Arts;Diploma
499,1992,2100,2,Professor;Undergraduate;Post-secondary education
500,1992,2100,2,Undergraduate;Diploma;Post-secondary education
501,2009,2100,2,Kindergarten;Public education;General education requirements
502,2011,2100,2,Computer-based training;Constructivism (learning theory);Learning styles